ts_code,trade_date,open,high,low,close,pre_close,change,pct_chg,vol,amount,RSI,DIF,DEA,MACD_HIST,BOLL_UPPER,BOLL_MID,BOLL_LOWER,K,D,J
600900.SH,2025-07-02,30.4,30.48,30.22,30.25,30.37,-0.12,-0.3951,571834.95,1734049.631,,0.0,0.0,0.0,,,,50.0,50.0,50.0
600900.SH,2025-07-03,30.26,30.28,29.85,30.09,30.25,-0.16,-0.5289,936811.23,2811204.131,,-0.012763532763532481,-0.0025527065527064965,-0.02042165242165197,,,,49.99999999999999,49.99999999999999,49.999999999999986
600900.SH,2025-07-04,30.06,30.29,30.01,30.16,30.09,0.07,0.2326,679228.05,2048728.031,,-0.017033952646485773,-0.0054489557714623525,-0.02316999375004684,,,,49.99999999999999,49.99999999999999,49.999999999999986
600900.SH,2025-07-07,30.24,30.28,30.07,30.26,30.16,0.1,0.3316,508278.48,1534745.747,,-0.012208396114370856,-0.006800843840044054,-0.010815104548653604,,,,49.99999999999999,49.99999999999999,49.999999999999986
600900.SH,2025-07-08,30.27,30.27,29.91,29.92,30.26,-0.34,-1.1236,1073286.01,3219638.664,,-0.0354110695309231,-0.012522888978219866,-0.04577636110540647,,,,49.99999999999999,49.99999999999999,49.999999999999986
600900.SH,2025-07-09,29.95,30.1,29.85,29.98,29.92,0.06,0.2005,670383.21,2011578.386,,-0.048399932526450584,-0.01969829768786601,-0.05740326967716915,,,,49.99999999999999,49.99999999999999,49.999999999999986
600900.SH,2025-07-10,30.0,30.08,29.8,29.9,29.98,-0.08,-0.2668,947643.05,2835522.287,,-0.06440659233745549,-0.02863995661778391,-0.07153327143934317,,,,49.99999999999999,49.99999999999999,49.999999999999986
600900.SH,2025-07-11,29.92,30.59,29.87,30.4,29.9,0.5,1.6722,1642154.79,4984368.453,,-0.036327404527412455,-0.03017744619970962,-0.012299916655405668,,,,49.99999999999999,49.99999999999999,49.999999999999986
600900.SH,2025-07-14,30.42,30.79,30.4,30.61,30.4,0.21,0.6908,771547.17,2363137.312,,0.0028380834095393936,-0.02357434027785982,0.05282484737479843,,,,60.6060606060606,53.53535353535353,74.74747474747475
600900.SH,2025-07-15,30.61,30.68,30.35,30.48,30.61,-0.13,-0.4247,562461.57,1714077.283,,0.02312058155490604,-0.01423535591130665,0.07471187493242537,,,,63.29966329966332,56.79012345679012,76.31874298540971
600900.SH,2025-07-16,30.6,30.66,30.33,30.34,30.48,-0.14,-0.4593,386213.46,1174692.478,,0.027579854101219325,-0.005872313908801456,0.06690433602004156,,,,60.38159371492706,57.98728020950243,65.17022072577632
600900.SH,2025-07-17,30.32,30.4,30.12,30.16,30.34,-0.18,-0.5933,614655.48,1855170.425,,0.01640031146256149,-0.0014177888345288671,0.03563620059418071,,,,52.375607931163486,56.11672278338945,44.893378226711576
600900.SH,2025-07-18,29.54,29.6,29.35,29.5,29.43,0.07,0.2379,601701.9,1774601.208,,-0.04519506025106068,-0.010173243117835231,-0.0700436342664509,,,,38.389294176331184,50.20757991437002,14.7527227002535
600900.SH,2025-07-21,29.7,29.86,29.42,29.51,29.5,0.01,0.0339,778276.54,2301161.415,35.98484848484854,-0.09214077814348443,-0.02656675012296507,-0.1311480560410387,,,,29.2965664879245,43.23724210555484,1.4152152526638133
600900.SH,2025-07-22,29.46,29.51,29.28,29.36,29.51,-0.15,-0.5083,943940.47,2772595.624,35.8393963891135,-0.13983738585813654,-0.049220877269999366,-0.18123301717627435,,,,21.297048740294002,35.92384431713456,-7.956542413387112
600900.SH,2025-07-23,29.41,29.45,29.17,29.18,29.36,-0.18,-0.6131,1073549.45,3142732.507,35.686221898537724,-0.18997190887265702,-0.07737108359053091,-0.22520165056425223,,,,14.403793810401721,28.75049414822361,-14.289606865242057
600900.SH,2025-07-24,29.19,29.19,28.8,28.94,29.18,-0.24,-0.8225,1668827.68,4823718.576,35.19815829588079,-0.2462314706775075,-0.11114316100792623,-0.27017661933916254,,,,11.947587833400153,23.149525376615788,-10.456287253031114
600900.SH,2025-07-25,28.86,28.98,28.75,28.75,28.94,-0.19,-0.6565,1008790.9,2910198.554,34.40657413294629,-0.3026601134513669,-0.14944655149661437,-0.30642712390950505,,,,7.965058555600102,18.088036436277225,-12.280897205754144
600900.SH,2025-07-28,28.75,28.84,28.6,28.64,28.75,-0.11,-0.3826,844450.6,2421911.286,33.889129804421074,-0.3521963992320103,-0.18999652104369358,-0.32439975637663343,,,,5.957288228005233,14.04445370018656,-10.217042716357422
600900.SH,2025-07-29,28.61,28.74,28.6,28.63,28.64,-0.01,-0.0349,717720.13,2057394.625,33.29831314080762,-0.3877909661629175,-0.22955541006753838,-0.3164711121907583,31.03845056610308,29.752999999999997,28.467549433896913,4.527081040892333,10.871996147088485,-8.162749171499971
600900.SH,2025-07-30,28.64,28.94,28.64,28.7,28.63,0.07,0.2445,978280.42,2814742.121,32.94330296424721,-0.40567513152288015,-0.2647793543586068,-0.28179155432854675,31.020314211390517,29.6755,28.330685788609483,5.663556672764148,9.13584965564704,-1.2810292930016338
600900.SH,2025-07-31,28.42,28.42,27.7,27.84,28.7,-0.86,-2.9965,2579698.28,7209401.327,31.016359386609295,-0.48366785217216446,-0.3085570539213183,-0.35022159650169227,31.12131352834774,29.563,28.004686471652256,5.936198275669934,8.06929919565467,1.6699964357004617
600900.SH,2025-08-01,27.79,28.05,27.68,27.99,27.84,0.15,0.5388,981486.06,2738151.406,29.154348055489066,-0.5272955637672254,-0.35230475589049975,-0.3499816157534513,31.13516997918907,29.454500000000003,27.773830020810937,9.604095753907432,8.58089804840559,11.650491164911116
600900.SH,2025-08-04,27.9,28.17,27.8,28.14,27.99,0.15,0.5359,823203.72,2311780.582,27.82055684006481,-0.543501941070847,-0.3905441929265693,-0.3059154962885555,31.08185421714815,29.3485,27.61514578285185,15.065630690928888,10.742475595913355,23.711940880959958
600900.SH,2025-08-05,28.14,28.18,27.96,28.1,28.14,-0.04,-0.1421,787152.7,2209870.18,26.668617876768252,-0.553196374102793,-0.42307462916181404,-0.2602434898819579,31.054455026822062,29.257500000000004,27.460544973177946,19.315276972760564,13.600076054862424,30.745678808556846
600900.SH,2025-08-06,28.09,28.12,27.87,27.97,28.1,-0.13,-0.4626,1144934.79,3198859.437,25.641442941962083,-0.564857865804715,-0.4514312764903943,-0.2268531786286414,31.0078387856662,29.157,27.3061612143338,20.31274875107112,15.837633620265322,29.262979012682713
600900.SH,2025-08-07,27.94,28.18,27.84,28.06,27.97,0.09,0.3218,1051956.76,2948188.366,25.283146075963373,-0.5603777482970465,-0.47322057085172475,-0.1743143548906434,30.943056105882395,29.065000000000005,27.186943894117615,23.594742553624094,18.423336598051577,33.937554464769136
600900.SH,2025-08-08,28.06,28.08,27.86,27.86,28.06,-0.2,-0.7128,824972.1,2304820.604,24.795560938457655,-0.5664360294714186,-0.49186366257566355,-0.14914473379151005,30.779104931398827,28.938,27.09689506860117,20.491733130987477,19.11280210903021,23.249595174902012
600900.SH,2025-08-11,27.86,27.88,27.51,27.69,27.86,-0.17,-0.6102,1243550.56,3436843.944,24.325131769108907,-0.5782886881753093,-0.5091486676955927,-0.13828004095943314,30.5353494682424,28.791999999999994,27.048650531757588,17.856959616462508,18.694187944840976,16.182502959705573
600900.SH,2025-08-12,27.69,27.88,27.64,27.76,27.69,0.07,0.2528,743183.9,2065281.068,24.134565890335054,-0.5754007291749339,-0.5223990799914611,-0.10600329836694566,30.26402461358487,28.656,27.04797538641513,21.062148901817494,19.483508263833148,24.219430177786187
600900.SH,2025-08-13,27.77,27.85,27.61,27.63,27.76,-0.13,-0.4683,934256.87,2589154.7,24.024268340058285,-0.5769511803378897,-0.5333095000607468,-0.08728336055428576,29.98098982410554,28.5205,27.06001017589446,20.011581854942897,19.659532794203063,20.715679976422564
600900.SH,2025-08-14,27.62,27.89,27.6,27.66,27.63,0.03,0.1086,1017587.96,2824224.358,24.101648029285442,-0.569197816658292,-0.5404871633802559,-0.05742130655607225,29.682838748205633,28.395500000000006,27.108161251794378,20.80374113712606,20.040935575177393,22.329352261023395
600900.SH,2025-08-15,27.71,27.78,27.6,27.63,27.66,-0.03,-0.1085,1072302.33,2967736.757,24.22766454255799,-0.5590298215627882,-0.5441956950167625,-0.029668253092051566,29.521414872624984,28.302000000000003,27.082585127375022,19.83931001181527,19.973727054056685,19.570475927332446
600900.SH,2025-08-18,27.64,27.72,27.55,27.64,27.63,0.01,0.0362,1147361.96,3169229.161,24.375500653607048,-0.5438950126240023,-0.5441355585382105,0.0004810918284163801,29.319900728336734,28.208499999999997,27.09709927166326,19.693868366085773,19.880440824733046,19.320723448791227
600900.SH,2025-08-19,27.65,27.78,27.61,27.63,27.64,-0.01,-0.0362,1146023.98,3172704.27,24.36278303996889,-0.5266367433685524,-0.5406357955042789,0.027998104271452995,29.119504254047158,28.122000000000003,27.12449574595285,19.09939483112175,19.620092160195945,18.058000172973358
600900.SH,2025-08-20,27.6,27.74,27.46,27.69,27.63,0.06,0.2172,1022259.37,2820524.963,25.085815160187295,-0.5023274242268876,-0.5329741212488006,0.061293394043826055,28.927999260288438,28.047499999999996,27.167000739711554,25.098521285264034,21.446235201885308,32.40309345202148
600900.SH,2025-08-21,27.69,27.95,27.66,27.85,27.69,0.16,0.5778,1179347.54,3284359.052,25.82962719227652,-0.46479359955206334,-0.5193380169094532,0.10908883471477981,28.769716435420747,27.993000000000002,27.216283564579257,43.262959768407434,28.71847672405935,72.35192585710361
600900.SH,2025-08-22,27.88,27.92,27.7,27.87,27.85,0.02,0.0718,1032104.0,2866065.221,26.27328662455038,-0.4284945221053782,-0.5011693179486383,0.14534959168652017,28.640143979211338,27.949,27.257856020788665,56.73312964152342,38.056694363214035,94.08600019814219
600900.SH,2025-08-25,28.04,28.55,28.03,28.35,27.87,0.48,1.7223,2185666.04,6194362.996,27.86718301522781,-0.3568813472157508,-0.4723117238020608,0.23086075317262,28.574910230366427,27.934500000000003,27.29408976963358,65.0392118099453,47.05086684545779,101.01590173892032
600900.SH,2025-08-26,28.35,28.4,28.21,28.31,28.35,-0.04,-0.1411,1130612.48,3198022.514,29.499129724507995,-0.2998980182028994,-0.4378289826822286,0.27586192895865835,28.49892724735643,27.918499999999995,27.33807275264356,69.35335833201239,54.48503067430932,99.09001364741853
600900.SH,2025-08-27,28.25,28.3,27.93,27.96,28.31,-0.35,-1.2363,1275324.14,3586735.277,30.524139137544992,-0.27975554654664236,-0.40621429545511134,0.25291749781693795,28.331962919789575,27.8815,27.431037080210423,61.52609209901743,56.83205114921202,70.91417399862826
600900.SH,2025-08-28,27.95,27.99,27.69,27.87,27.96,-0.09,-0.3219,1092962.47,3043101.973,31.619013575020816,-0.267965797567566,-0.3785645958776023,0.22119759662007255,28.333080694519364,27.883,27.432919305480635,53.55562103237248,55.73990777693217,49.1870475432531
600900.SH,2025-08-29,27.9,28.16,27.85,28.09,27.87,0.22,0.7894,1067298.46,2996376.746,33.36342893763815,-0.23812521591651858,-0.3504767198853856,0.224703007937734,28.345250363298845,27.887999999999998,27.43074963670115,54.96980240078651,55.48320598488361,53.942995232592324
600900.SH,2025-09-01,28.1,28.1,27.71,27.79,28.09,-0.3,-1.068,1246086.67,3468108.875,34.51402554152425,-0.2359637890854529,-0.32757413372539906,0.18322068927989232,28.313716710686393,27.8705,27.427283289313607,46.73827805312368,52.56823000763029,35.078374144110455
600900.SH,2025-09-02,27.7,28.29,27.7,28.21,27.79,0.42,1.5113,1751446.01,4918052.711,36.67393522455889,-0.1980770439718249,-0.30167471577468424,0.20719534360571867,28.333701350572483,27.875999999999998,27.418298649427513,51.75810297174539,52.298187662335316,50.67793359056553
600900.SH,2025-09-03,28.25,28.4,27.83,27.96,28.21,-0.25,-0.8862,1271331.13,3563092.89,38.27446905571512,-0.18607942835320657,-0.2785556582903887,0.18495245987436426,28.332790648102712,27.875500000000006,27.4182093518973,44.97051826023335,49.85563119496799,35.20029239076406
600900.SH,2025-09-04,27.94,28.3,27.71,28.23,27.96,0.27,0.9657,1758480.97,4929530.683,40.30524202739985,-0.15302056223202953,-0.2534486390787169,0.20085615369337473,28.361599259454685,27.883999999999997,27.40640074054531,50.91057806496175,50.207280151632574,52.31717389162009
600900.SH,2025-09-05,28.16,28.31,28.0,28.07,28.23,-0.16,-0.5668,1069513.08,3006365.138,41.88810007366372,-0.13813944988943305,-0.23038680124086014,0.18449470270285417,28.37906057141343,27.8945,27.409939428586572,51.78076096349564,50.73177375558693,53.87873537931304
600900.SH,2025-09-08,28.02,28.22,28.0,28.15,28.07,0.08,0.285,900740.39,2532976.861,43.45493360445329,-0.11852445361088115,-0.20801433171486436,0.1789797562079664,28.404850516893003,27.9175,27.430149483106998,56.11675144045245,52.52676631720876,63.29672168693982
600900.SH,2025-09-09,28.16,28.2,27.96,28.01,28.15,-0.14,-0.4973,761316.32,2134208.194,44.55310746653535,-0.11297396417770145,-0.18900625820743178,0.15206458805946066,28.413147574709274,27.93,27.446852425290725,52.43464180537212,52.496058146596546,52.311809122923265
600900.SH,2025-09-10,28.01,28.09,27.9,28.01,28.01,0.0,0.0,598614.83,1675916.918,45.26442068924632,-0.10733783753714832,-0.1726725740733751,0.13066947307245358,28.411937986070978,27.949,27.486062013929025,49.718332632152965,51.57014964178202,46.01469861289486
600900.SH,2025-09-11,28.0,28.11,27.92,28.0,28.01,-0.01,-0.0357,1053966.56,2946879.049,45.85913172041384,-0.10249656637959248,-0.1586373725346186,0.11228161231005224,28.40878544168536,27.965999999999998,27.523214558314635,47.431269373816306,50.19052288579344,41.91276234986205
600900.SH,2025-09-12,28.0,28.15,27.9,27.93,28.0,-0.07,-0.25,929728.12,2603224.928,45.527203897828045,-0.10311954121194233,-0.14753380627008336,0.08882853011628206,28.395266631658096,27.981,27.566733368341907,42.573227201591855,47.651424324392906,32.41683295598975
600900.SH,2025-09-15,27.9,27.91,27.76,27.8,27.93,-0.13,-0.4654,725656.97,2016875.299,45.097642519829805,-0.11280284581037137,-0.14058761417814097,0.055569536735539216,28.381127798716687,27.988999999999997,27.596872201283308,32.72997755468443,42.67760873449008,12.83471519507313
600900.SH,2025-09-16,27.79,27.8,27.65,27.73,27.8,-0.07,-0.2518,575128.76,1594342.991,45.07762330639548,-0.12468802353494368,-0.13740769604950154,0.025439345029115712,28.369031226770133,27.994,27.618968773229867,25.86038907686042,37.07186884861352,3.4374295333542193
600900.SH,2025-09-17,27.72,27.83,27.67,27.7,27.73,-0.03,-0.1082,614926.75,1704493.488,45.140686677751745,-0.13497198872046923,-0.13692055458369506,0.0038971317264516747,28.367847587447297,27.994500000000006,27.621152412552714,19.765511909826174,31.30308320235107,-3.309630675223616
600900.SH,2025-09-18,27.69,27.7,27.21,27.31,27.7,-0.39,-1.4079,1448432.97,3975030.224,44.30030399883906,-0.17260219519094733,-0.14405688270514552,-0.05709062497160361,28.447669926062453,27.9675,27.48733007393755,16.47733797288735,26.36116812586316,-3.2903223330642675
600900.SH,2025-09-19,27.32,27.35,27.12,27.2,27.31,-0.11,-0.4028,734670.22,1999478.366,43.770496737238076,-0.2088925028793156,-0.15702400673997954,-0.10373699227867211,28.52378675896694,27.934000000000005,27.34421324103307,13.454027784393986,22.0587880120401,-3.755492670898242
600900.SH,2025-09-22,27.1,27.25,27.02,27.12,27.2,-0.08,-0.2941,696830.94,1890783.496,42.4248980767339,-0.24132630516644937,-0.17388446642527353,-0.1348836774823517,28.532033327835986,27.872500000000002,27.21296667216402,11.919204363637332,18.678926795905845,-1.6002405008996945
600900.SH,2025-09-23,27.12,27.39,27.03,27.32,27.12,0.2,0.7375,872473.25,2375221.478,41.830373962387675,-0.24803283054620806,-0.18871413924946043,-0.11863738259349527,28.492802798944425,27.823,27.153197201055576,16.79569376454881,18.051182452120166,14.284716389406093
600900.SH,2025-09-24,27.28,27.53,27.24,27.25,27.32,-0.07,-0.2562,874412.99,2391918.904,40.65304539619749,-0.25604469139307184,-0.2021802496781827,-0.10772888342977827,28.500591859440355,27.7875,27.074408140559648,17.98178994332754,18.028051615855958,17.88926659827071
600900.SH,2025-09-25,27.21,27.33,27.08,27.29,27.25,0.04,0.1468,634292.58,1726865.388,39.799560991173486,-0.2562130189352807,-0.2129868035296023,-0.08645243081135678,28.503907694875135,27.758500000000005,27.013092305124875,22.100219512780136,19.38544091483068,27.529776708679037
600900.SH,2025-09-26,27.3,27.55,27.24,27.47,27.29,0.18,0.6596,794087.06,2177282.26,39.17282869252805,-0.23906611864572724,-0.2182026665528273,-0.041726904185799885,28.46640032088952,27.7275,26.98859967911048,33.251998193705276,24.007626674455544,51.74074123220474
600900.SH,2025-09-29,27.43,27.5,27.19,27.3,27.47,-0.17,-0.6189,927031.0,2532328.827,38.526332801423955,-0.2364687908559553,-0.2218558914134529,-0.02922579888500476,28.465298463443645,27.703000000000003,26.94070153655636,33.69063254065955,27.235295296523546,46.60130702893156
600900.SH,2025-09-30,27.35,27.36,27.21,27.25,27.3,-0.05,-0.1832,618827.74,1686097.117,37.836766653054994,-0.23572765038412413,-0.22463024320758718,-0.02219481435307391,28.403654934216316,27.655,26.906345065783686,33.734931497694625,29.4018406969139,42.40111309925608
600900.SH,2025-10-09,27.21,27.7,27.15,27.68,27.25,0.43,1.578,1132499.09,3112861.218,38.13777432462985,-0.19815863548016566,-0.2193359216621029,0.042354572363874465,28.37598728954288,27.641,26.906012710457116,54.84289550826702,37.88219230069827,88.76430192340452
600900.SH,2025-10-10,27.65,27.79,27.51,27.73,27.68,0.05,0.1806,712605.02,1973210.96,38.62040832938317,-0.16247740003712252,-0.20796421733710682,0.0909736345999686,28.298793025586527,27.616000000000003,26.93320697441348,67.29786107477545,47.687415225390666,106.51875277354503
600900.SH,2025-10-13,27.7,27.9,27.4,27.79,27.73,0.06,0.2164,1174982.2,3255599.09,39.37785761489426,-0.12788409705425963,-0.19194819328053742,0.12812819245255558,28.25649377786445,27.601999999999997,26.947506222135544,73.98401466287713,56.452948371219485,109.0461472461924
600900.SH,2025-10-14,27.74,28.01,27.55,27.99,27.79,0.2,0.7197,1366699.04,3807496.908,40.60732058049401,-0.08336929731493115,-0.17023241408741616,0.17372623354497002,28.223733444027268,27.594,26.964266555972735,81.9391638971151,64.948353546518,115.92078459830927
600900.SH,2025-10-15,27.98,28.15,27.77,27.93,27.99,-0.06,-0.2144,926323.29,2588206.846,41.70212690430511,-0.05232927703693235,-0.1466517866773194,0.1886450192807741,28.20954142633685,27.590000000000003,26.97045857366316,81.10586004355963,70.33418904553187,102.64920203961515
600900.SH,2025-10-16,27.85,28.17,27.84,28.16,27.93,0.23,0.8235,939734.94,2639404.753,43.767322393226785,-0.009066249445496055,-0.11913467923095473,0.22013685957091736,28.24159463181816,27.597500000000004,26.953405368181848,87.07710931008545,75.91516246704973,109.40100299615688
600900.SH,2025-10-17,28.13,28.38,28.06,28.11,28.16,-0.05,-0.1776,1147021.54,3235603.482,45.79553886321693,0.02094400008564179,-0.09111894336763543,0.22412588690655444,28.263242379736507,27.603,26.942757620263496,84.06766636932527,78.63266376780824,94.93767157235933
600900.SH,2025-10-20,28.12,28.15,27.75,28.05,28.11,-0.06,-0.2134,914230.76,2555513.223,47.732862831229404,0.03943130099937164,-0.06500889449423401,0.2088803909872113,28.283775596226832,27.608999999999998,26.934224403773165,80.43535481532258,79.23356078364634,82.83894287867508
600900.SH,2025-10-21,28.0,28.1,27.85,27.91,28.05,-0.14,-0.4991,801635.74,2239195.693,48.93973512438412,0.04229820284346886,-0.04354747502669344,0.1716913557403246,28.297572778737926,27.6145,26.931427221262073,74.21977583894137,77.56229913541135,67.53472924600143
600900.SH,2025-10-22,27.89,28.08,27.85,28.04,27.91,0.13,0.4658,619189.68,1734320.789,50.43817521065688,0.054432690580657805,-0.023951441905223192,0.156768264971762,28.337731736271902,27.630000000000003,26.922268263728103,71.24855804228746,75.45771877103672,62.830236584788906
600900.SH,2025-10-23,28.04,28.27,28.04,28.23,28.04,0.19,0.6776,785588.09,2215031.621,52.103688378968734,0.0784761474621547,-0.0034659240317476137,0.16388414298780463,28.41325971295915,27.6565,26.899740287040853,75.73033121186515,75.5485895846462,76.09381446630306
600900.SH,2025-10-24,28.21,28.29,28.08,28.19,28.23,-0.04,-0.1417,770600.06,2172735.273,53.26730896848463,0.09322841541817084,0.015872943858236076,0.15471094311986952,28.474565820674798,27.700499999999998,26.9264341793252,76.18969871955676,75.76229262961638,77.04451089943751
600900.SH,2025-10-27,28.14,28.56,28.02,28.3,28.19,0.11,0.3902,1248426.35,3534388.258,54.877156847488344,0.11249895680344935,0.035198146447278734,0.15460162071234124,28.536119861661973,27.7555,26.97488013833803,73.42687733567165,74.98382086496814,70.31299027707868
600900.SH,2025-10-28,28.26,28.54,28.26,28.46,28.3,0.16,0.5654,732635.65,2082899.503,56.74807310376823,0.13907845268304442,0.05597420769443187,0.1662084899772251,28.60348116427188,27.822499999999998,27.041518835728116,78.16935855299928,76.04566676097852,82.41674213704081
600900.SH,2025-10-29,28.46,28.46,28.26,28.29,28.46,-0.17,-0.5973,740543.03,2097455.018,57.463891277570184,0.14475665084873057,0.07373069632529161,0.14205190904687792,28.64098701287755,27.871000000000002,27.101012987122456,74.33512792422174,75.47548714872624,72.05440947521271
600900.SH,2025-10-30,28.29,28.56,28.19,28.47,28.29,0.18,0.6363,867173.76,2465019.759,58.3454140720447,0.161914707521575,0.09136749856454829,0.14109441791405342,28.68801726518859,27.932,27.175982734811406,79.18638157911079,76.71245195885442,84.13424081962353
600900.SH,2025-10-31,28.46,28.46,27.93,28.1,28.47,-0.37,-1.2996,1184702.29,3332582.343,58.27367713543304,0.14399677804848565,0.10189335446133577,0.08420684717429977,28.66807624728677,27.972499999999997,27.276923752713223,64.52801025461851,72.65097139077577,48.282087982304006
600900.SH,2025-11-03,28.11,28.35,28.11,28.31,28.1,0.21,0.7473,613783.22,1735602.286,58.22320340156434,0.14506966204480065,0.11052861597802875,0.0690820921335438,28.68324509344,28.014500000000005,27.34575490656001,64.61491763453435,69.97228680536196,53.90017929287913
600900.SH,2025-11-04,28.31,28.69,28.28,28.6,28.31,0.29,1.0244,1049428.89,2995456.129,58.74237264164119,0.16739092828641589,0.12190107843970618,0.0909796996934194,28.707293965531647,28.079499999999996,27.451706034468344,72.46257666863694,70.80238342645362,75.7829631530036
600900.SH,2025-11-05,28.63,28.69,28.4,28.42,28.6,-0.18,-0.6294,685791.15,1954741.549,58.494141169858636,0.16861253655792297,0.13124337006334955,0.07473833298914684,28.647183040193898,28.137999999999998,27.628816959806098,69.79961251593343,70.46812645628022,68.46258463523986
600900.SH,2025-11-06,28.39,28.6,28.36,28.5,28.42,0.08,0.2815,673928.32,1920939.279,58.48984044151445,0.17402989304918393,0.13980067466051643,0.06845843677733499,28.66440379284191,28.179000000000002,27.693596207158095,71.53307501062224,70.82310930772755,72.95300641641163
600900.SH,2025-11-07,28.51,28.64,28.43,28.52,28.5,0.02,0.0702,551417.84,1572837.493,58.63821547486439,0.17788645562155025,0.1474178308527232,0.060937249537654115,28.677940162761086,28.2185,27.75905983723891,73.56590965620424,71.73737609055311,77.2229767875065
600900.SH,2025-11-10,28.52,28.59,28.39,28.53,28.52,0.01,0.0351,493344.59,1406140.642,59.07576996927669,0.17967850372671634,0.15386996542752182,0.051617076598389044,28.688043274379066,28.2555,27.822956725620937,75.35972924448704,72.94482714186442,80.1895334497323
600900.SH,2025-11-11,28.53,28.72,28.47,28.62,28.53,0.09,0.3155,625175.78,1788389.426,59.42265608685337,0.18621439892334024,0.16033885212668553,0.05175109359330943,28.729771177686064,28.287,27.844228822313934,79.35374354695769,75.08113261022885,87.89896542041538
600900.SH,2025-11-12,28.7,28.88,28.61,28.61,28.62,-0.01,-0.0349,629704.97,1810844.126,59.45449919071193,0.18841529232327758,0.16595414016600396,0.044922304314547246,28.75263825009769,28.320999999999998,27.889361749902307,76.76214482077881,75.6414700137455,79.00349443484544
600900.SH,2025-11-13,28.62,28.73,28.26,28.44,28.61,-0.17,-0.5942,1012328.04,2874569.006,59.21339581789708,0.17443120262438683,0.16764955265768056,0.013563299933412543,28.76279729582574,28.335,27.90720270417426,65.46047749956692,72.24780584235263,51.88582081399548
600900.SH,2025-11-14,28.44,28.71,28.34,28.34,28.44,-0.1,-0.3516,747625.18,2134920.337,58.62499174507648,0.15350997904121755,0.16482163793438795,-0.022623317786340802,28.760988905317866,28.3465,27.93201109468213,47.94139360186174,64.14566842885566,15.532843947873914
600900.SH,2025-11-17,28.37,28.43,28.03,28.16,28.34,-0.18,-0.6351,725596.43,2041952.507,57.47787250746969,0.1210103311735935,0.15605937658222907,-0.07009809081727114,28.752610061097645,28.352000000000004,27.951389938902363,37.058968283594076,55.116768380435126,0.9433680899119707
600900.SH,2025-11-18,28.16,28.34,28.08,28.15,28.16,-0.01,-0.0355,590136.98,1664566.13,56.731761303887254,0.09337088818700678,0.14352167890318462,-0.10030158143235568,28.720851730967865,28.364000000000004,28.007148269032143,29.411861208670473,46.5484659898469,-4.861348353682388
600900.SH,2025-11-19,28.15,28.33,28.11,28.23,28.15,0.08,0.2842,481597.61,1359794.725,55.87637044055435,0.07703376461418898,0.1302240960453855,-0.10638066286239306,28.703110615567457,28.3735,28.043889384432543,27.451044727348933,40.182658902347576,1.987816377351649
600900.SH,2025-11-20,28.18,28.32,28.05,28.14,28.23,-0.09,-0.3188,576112.35,1624414.752,55.6261187741208,0.05617665908432912,0.11541460865317424,-0.11847589913769024,28.709148574348916,28.369,28.028851425651084,22.614421975095354,34.326579926596835,-0.8098939279076092
600900.SH,2025-11-21,28.17,28.27,28.07,28.16,28.14,0.02,0.0711,919941.5,2591450.861,55.07226602859547,0.04079087373661139,0.10048986166986168,-0.11939797586650058,28.71121806071718,28.3675,28.02378193928282,20.17432053241648,29.609160128536715,1.304641340176012
600900.SH,2025-11-24,28.18,28.2,27.92,28.19,28.16,0.03,0.1065,971795.69,2725992.366,54.08227935128426,0.030664792638123828,0.08652484786351412,-0.11172011045078059,28.713693646591256,28.362000000000002,28.010306353408748,22.824547021610996,27.347622426228142,13.778396212376705
600900.SH,2025-11-25,28.19,28.2,27.83,28.03,28.19,-0.16,-0.5676,929854.19,2602515.319,53.1446586152987,0.009618264226055828,0.07114353113602247,-0.12305053381993328,28.718554576956716,28.340500000000002,27.962445423043288,22.62377208848149,25.773005646979257,16.325304971485963
600900.SH,2025-11-26,28.03,28.12,27.9,27.94,28.03,-0.09,-0.3211,662732.78,1854668.14,51.871816104184916,-0.014160278139257798,0.05408276928096641,-0.13648609484044844,28.74117145816169,28.322999999999997,27.904828541838302,19.249181392321095,23.5983975620932,10.550749052776887
600900.SH,2025-11-27,27.93,28.14,27.78,28.09,27.94,0.15,0.5369,768692.86,2152113.661,50.885164842784924,-0.020663007591970484,0.03913361390637903,-0.11959324299669903,28.728531940401524,28.304000000000002,27.87946805959848,28.730223492316597,25.309006205501,35.57265806594779
600900.SH,2025-11-28,28.01,28.07,27.95,27.98,28.09,-0.11,-0.3916,590180.67,1651765.723,49.672591685441795,-0.034297191549601536,0.024447452815182923,-0.11748928872956892,28.737789423294984,28.298000000000002,27.85821057670502,31.058244232972953,27.225418881324984,38.72389493626889
600900.SH,2025-12-01,28.05,28.15,27.99,28.07,27.98,0.09,0.3217,582523.94,1634524.009,48.50663466264171,-0.037408906142623266,0.012076181023621686,-0.0989701743324899,28.73735585214239,28.285999999999994,27.8346441478576,38.281253731072916,30.910697164574295,53.02236686407015
600900.SH,2025-12-02,28.03,28.27,28.02,28.26,28.07,0.19,0.6769,748779.62,2111131.853,47.84221334012227,-0.02426385169393086,0.004808174480111178,-0.05814405234808408,28.695486255717373,28.269000000000005,27.842513744282638,55.15046545034498,38.99061992649786,87.47015649803922
600900.SH,2025-12-03,28.25,28.36,28.21,28.27,28.26,0.01,0.0354,445599.66,1260442.579,47.59228136324066,-0.01289078793277909,0.0012683819975331245,-0.02831833986062443,28.68203975342476,28.2615,27.840960246575243,64.92789650712652,47.63637878670741,99.51093194796474
600900.SH,2025-12-04,28.3,28.32,28.17,28.24,28.27,-0.03,-0.1061,379967.06,1072988.579,47.50202104597404,-0.006226526718965175,-0.0002305997457665355,-0.01199185394639728,28.653795214043228,28.2485,27.84320478595677,69.72204594727967,54.99826784023149,99.16960216137602
600900.SH,2025-12-05,28.24,28.24,28.02,28.07,28.24,-0.17,-0.602,544975.5,1531066.285,47.43699891981859,-0.01449553543499249,-0.003083586883611727,-0.022823897102761528,28.617563666934497,28.226,27.8344363330655,63.148030631519774,57.714855437327586,74.01438101990416
600900.SH,2025-12-08,28.07,28.1,27.86,27.87,28.07,-0.2,-0.7125,754265.06,2109155.093,46.961869445385304,-0.03676332818475814,-0.00981953514384101,-0.053887586081834256,28.587920378384293,28.193,27.79807962161571,47.2711008807833,54.23360391847949,33.34609480539092
600900.SH,2025-12-09,27.93,28.04,27.9,27.97,27.87,0.1,0.3588,512302.07,1432281.938,46.56418287331565,-0.04581344127150189,-0.017018316369373183,-0.05759024980425741,28.51206641956885,28.160500000000003,27.808933580431155,42.43360748374049,50.300271773566486,26.700278904088492
600900.SH,2025-12-10,27.93,28.07,27.85,27.89,27.97,-0.08,-0.286,585389.54,1634914.947,46.212438339068214,-0.05876366159562352,-0.02536738541462325,-0.06679255236200053,28.42617776465005,28.1245,27.822822235349953,30.903450740794266,43.83466476264241,5.041022697097972
600900.SH,2025-12-11,27.92,27.94,27.75,27.86,27.89,-0.03,-0.1076,695636.24,1936057.504,45.76778824960646,-0.0706333366461962,-0.03442057566093784,-0.07242552197051672,28.3805281611203,28.095499999999998,27.810471838879696,26.61322945561145,38.09418632696542,3.6513157129035108
600900.SH,2025-12-12,27.85,28.05,27.81,28.04,27.86,0.18,0.6461,898708.32,2509907.08,45.73197935447155,-0.06476902693771436,-0.04049026591629315,-0.048557522042842416,28.341951414425903,28.0805,27.819048585574098,33.589147505926725,36.592506719952524,27.582429077875133
600900.SH,2025-12-15,27.99,28.15,27.96,28.04,28.04,0.0,0.0,539466.13,1514955.53,46.04029240288808,-0.05943637372522659,-0.04427948747807984,-0.030313772494293498,28.333768200904082,28.074499999999993,27.815231799095905,38.23975953947024,37.14159099312509,40.43609663216054
600900.SH,2025-12-16,28.06,28.08,27.82,27.97,28.04,-0.07,-0.2496,679077.46,1896170.505,46.37287385872183,-0.06016507706330643,-0.04745660539512516,-0.025416943336362532,28.326225707855755,28.065499999999997,27.804774292144238,38.35867010233681,37.547284029528996,39.98144224795243
600900.SH,2025-12-17,27.93,28.0,27.84,27.92,27.97,-0.05,-0.1788,592436.13,1653641.726,46.19510646043295,-0.06403896056677638,-0.05077307642945541,-0.026531768274641945,28.306371441056758,28.05,27.793628558943244,37.13707258523149,37.41054688142982,36.59012399283483
600900.SH,2025-12-18,27.92,28.09,27.89,28.08,27.92,0.16,0.5731,464197.94,1300956.749,46.68099799832503,-0.05358073299180788,-0.05133460774192591,-0.004492250499763942,28.30032317615842,28.046999999999997,27.793676823841572,52.25804839015428,42.359714051004644,72.05471706845356
600900.SH,2025-12-19,28.03,28.08,27.82,27.85,28.08,-0.23,-0.8191,799993.14,2233930.352,46.39349955587212,-0.06312393665254135,-0.053692473524049,-0.018862926256984686,28.293498392924047,28.0315,27.769501607075956,43.172032260102995,42.63048678737076,44.255123205567486
600900.SH,2025-12-22,27.84,27.86,27.5,27.54,27.85,-0.31,-1.1131,1564033.93,4316199.315,44.962093156263165,-0.09461078924539379,-0.06187613666831797,-0.06546930515415164,28.33030682233598,27.999000000000002,27.667693177664024,30.832636891350674,38.69787015536406,15.102170363323907
600900.SH,2025-12-23,27.5,27.74,27.48,27.72,27.54,0.18,0.6536,709451.12,1962122.211,44.09656200687332,-0.10384281575836596,-0.07026947248632756,-0.0671466865440768,28.336965549575755,27.9835,27.630034450424244,32.49538976836308,36.6303766930304,24.22541591902845
600900.SH,2025-12-24,27.71,27.71,27.55,27.64,27.72,-0.08,-0.2886,499942.8,1381469.831,43.21335047957929,-0.11627425743367681,-0.07947042947579741,-0.0736076559157588,28.353769557036365,27.9685,27.583230442963632,29.62379218388387,34.29484852331489,20.28167950502184
600900.SH,2025-12-25,27.63,27.68,27.57,27.64,27.64,0.0,0.0,300805.76,831149.451,42.74680431232471,-0.12468892817719279,-0.08851412921607649,-0.07234959792223261,28.35332245082664,27.945999999999998,27.538677549173357,27.709393794231065,32.099696946953614,18.92878748878597
600900.SH,2025-12-26,27.61,27.67,27.52,27.64,27.64,0.0,0.0,482593.39,1332687.115,42.70820316305351,-0.12986066248420158,-0.0967834358697015,-0.06615445322900015,28.358143577985697,27.928999999999995,27.499856422014293,27.216098595061162,30.471830829656128,20.704634125871223
600900.SH,2025-12-29,27.64,27.64,27.5,27.52,27.64,-0.12,-0.4342,689033.36,1897569.339,42.170625193556305,-0.1420053470553988,-0.10582781810684097,-0.07235505789711566,28.36194715109058,27.901500000000006,27.441052848909433,20.329858079767504,27.091173246359915,6.807227746582683
600900.SH,2025-12-30,27.5,27.5,27.32,27.32,27.52,-0.2,-0.7267,724247.0,1982353.612,41.4384134821455,-0.16585653471596018,-0.11783356142866482,-0.09604594657459073,28.351331010134867,27.854499999999994,27.35766898986512,13.553238719845002,22.578528404188276,-4.4973406488415435
600900.SH,2025-12-31,27.35,27.37,27.17,27.19,27.32,-0.13,-0.4758,742930.24,2021839.64,40.5759505783823,-0.19302363006579526,-0.1328715751560909,-0.1203041098194087,28.340109020251614,27.8005,27.260890979748385,9.768093212497387,18.308383340291314,-7.312487043090467
600900.SH,2026-01-05,27.2,27.31,27.1,27.28,27.19,0.09,0.331,765691.31,2084118.017,39.53910995685409,-0.2049292047123501,-0.14728310106734274,-0.11529220729001471,28.298253944943248,27.752499999999998,27.206746055056747,14.406798983770194,17.00785522145094,9.204686508408706
600900.SH,2026-01-06,27.3,27.44,27.24,27.44,27.28,0.16,0.5865,738436.81,2020307.561,39.02510706362653,-0.1991580258204806,-0.15765808601797032,-0.08299987960502053,28.262300578042872,27.721000000000004,27.179699421957135,27.312865989180203,20.442858810694027,41.05288034615255
600900.SH,2026-01-07,27.44,27.45,27.22,27.23,27.44,-0.21,-0.7653,721701.95,1970227.485,38.316488709402456,-0.20911897653687106,-0.16795026412175046,-0.0823374248302412,28.26759721468581,27.689,27.11040278531419,25.31240246273211,22.066040028040053,31.80512733211622
600900.SH,2026-01-08,27.23,27.3,27.19,27.26,27.23,0.03,0.1102,470572.75,1282365.975,37.84216943622027,-0.2121468555706585,-0.17678958241153206,-0.07071454631825286,28.246450694675254,27.653499999999998,27.06054930532474,26.070337274005347,23.40080577669515,31.409400268625745
600900.SH,2026-01-09,27.27,27.29,27.18,27.29,27.26,0.03,0.1101,629034.53,1713592.955,37.0575260216886,-0.20970833509205278,-0.18337333294763622,-0.05267000428883312,28.22669412952616,27.6235,27.02030587047384,28.49133596044787,25.09764917127939,35.27870953878483
600900.SH,2026-01-12,27.29,27.45,27.22,27.4,27.29,0.11,0.4031,784355.54,2145881.938,37.007592509889285,-0.19663304599807674,-0.18602527555772436,-0.021215540880704764,28.200797294767643,27.6005,27.000202705232358,37.51274249215028,29.236013611569682,54.06620025331148
600900.SH,2026-01-13,27.45,27.57,27.32,27.36,27.4,-0.04,-0.146,785384.92,2154672.433,37.401465443637726,-0.18733892438886457,-0.1862880053239524,-0.0021018381298243405,28.13834005861051,27.5665,26.994659941389493,43.448211306823495,33.97341284332095,62.39780823382857
600900.SH,2026-01-14,27.45,27.54,26.8,26.81,27.36,-0.55,-2.0102,2927500.88,7941387.446,36.37292139446941,-0.2217969325367548,-0.1933897907665129,-0.056814283540483845,28.124966043212805,27.505000000000003,26.8850339567872,29.398374637449344,32.44840010803041,23.298323696287213
600900.SH,2026-01-15,26.98,27.01,26.77,26.82,26.81,0.01,0.0373,1259274.47,3382187.545,35.58061868023185,-0.24546862629892985,-0.20380555787299628,-0.08332613685186713,28.098422422413073,27.4475,26.79657757758693,21.682249758299587,28.8596833247868,7.327382625325157
600900.SH,2026-01-16,26.88,27.03,26.44,26.52,26.82,-0.3,-1.1186,2388546.3,6368509.096,34.397478811076866,-0.2851490857844112,-0.22007426345527928,-0.1301496446582639,28.110421335622473,27.377499999999998,26.644578664377523,16.81471517809938,24.844693942557658,0.7547576491828281
600900.SH,2026-01-19,26.61,26.92,26.6,26.8,26.52,0.28,1.0558,1047218.13,2803299.152,34.11439813830745,-0.29065202030113113,-0.23418981482444967,-0.11292441095336292,28.01081137800472,27.313499999999998,26.616188621995274,21.829279145281582,23.839555676798962,17.808726082246814
600900.SH,2026-01-20,26.8,26.94,26.73,26.88,26.8,0.08,0.2985,1050033.77,2822226.858,34.248674600403604,-0.2852693961156376,-0.24440573108268726,-0.08172733006590072,27.939763116328983,27.264999999999997,26.59023688367101,27.532203795969373,25.0704383831891,32.45573462152993
600900.SH,2026-01-21,26.89,26.9,26.55,26.58,26.88,-0.3,-1.1161,1163281.62,3105540.544,34.23032850503243,-0.30173293105731247,-0.2558711710776123,-0.09172351995940031,27.94395761115843,27.217000000000002,26.490042388841573,22.484596040970644,24.208490935782944,19.036806251346043
600900.SH,2026-01-22,26.58,26.72,26.3,26.31,26.58,-0.27,-1.0158,1807849.66,4779737.327,34.026840923922904,-0.33273162161210124,-0.27124326118451014,-0.12297672085518219,27.938626385450227,27.146500000000003,26.35437361454978,15.252197885581426,21.223059919049103,3.3104738186460736
600900.SH,2026-01-23,26.36,26.42,25.96,26.0,26.31,-0.31,-1.1783,2106915.13,5502988.264,33.22530712617274,-0.37795587635887884,-0.2925857842193839,-0.17074018427898985,27.972580103121054,27.064500000000002,26.15641989687895,10.996289273617412,17.814136370571873,-2.6394049202915113
600900.SH,2026-01-26,26.05,26.28,25.86,25.98,26.0,-0.02,-0.0769,2028697.96,5283656.766,32.103436208987304,-0.41067623689998456,-0.31620387475550404,-0.18894472428896103,27.968153567954847,26.9815,25.994846432045154,9.711811896697341,15.113361545947027,-1.091287401802031
600900.SH,2026-01-27,25.98,26.14,25.86,25.93,25.98,-0.05,-0.1925,1313814.83,3416663.13,31.28972124911398,-0.4356203799233569,-0.3400871757890746,-0.19106640826856458,27.937242173155713,26.895999999999997,25.85475782684428,8.468843258766894,12.898522116886982,-0.3905144574732837
600900.SH,2026-01-28,25.93,25.94,25.61,25.65,25.93,-0.28,-1.0798,2326497.6,5985858.969,30.180030867322685,-0.4725353594439703,-0.3665768125200538,-0.21191709384783297,27.939270587419117,26.8025,25.66572941258088,6.5848626419948095,10.793968958589591,-1.8333499911947548
600900.SH,2026-01-29,25.65,26.2,25.38,26.03,25.65,0.38,1.4815,2616230.32,6732321.039,30.045055979107588,-0.46575894329124523,-0.3864132386742921,-0.15869140923390623,27.897302875824472,26.738,25.578697124175527,18.278797316885452,13.28891174468821,28.258568461279935
600900.SH,2026-01-30,26.04,26.57,26.04,26.36,26.03,0.33,1.2678,2238492.39,5906700.028,30.43657705224524,-0.4288172047865011,-0.39489403189673394,-0.0678463457795343,27.84706553600034,26.696500000000004,25.545934463999668,33.12603581809455,19.901286435823657,59.57553458263634
600900.SH,2026-02-02,26.49,26.55,26.09,26.14,26.36,-0.22,-0.8346,1242256.65,3267262.732,30.599263313812045,-0.41253729906583914,-0.39842268533055497,-0.02822922747056833,27.78127101584851,26.639499999999998,25.497728984151486,38.75069054539641,26.184421139014574,63.88322935816008
600900.SH,2026-02-03,26.2,26.23,25.91,26.0,26.14,-0.14,-0.5356,885438.15,2302972.625,31.130639451269104,-0.40624919858309383,-0.3999879879810628,-0.012522421204062106,27.67790770132329,26.567500000000003,25.457092298676717,41.25667926907027,31.20850718236647,61.353023442477856
600900.SH,2026-02-04,25.97,26.39,25.95,26.38,26.0,0.38,1.4615,957051.81,2512165.683,32.36416457612897,-0.3663796133207349,-0.3932663130489972,0.053773399456524595,27.59289512593708,26.525,25.457104874062917,55.515657327839534,39.31089056419082,87.92519085513696
600900.SH,2026-02-05,26.42,26.69,26.35,26.6,26.38,0.22,0.834,1032447.5,2739767.94,34.165268533501646,-0.3134176349719269,-0.37729657743358314,0.12775788492331253,27.503566788907797,26.492,25.480433211092205,68.05369521601516,48.891825448132266,106.37743475178092
600900.SH,2026-02-06,26.6,26.77,26.38,26.52,26.6,-0.08,-0.3008,725626.8,1922388.504,35.15638650841733,-0.27473326293257827,-0.3567839145333822,0.16410130320160787,27.393248566597062,26.453500000000002,25.51375143340294,72.70725964041299,56.83030351222583,104.46117189678729
600900.SH,2026-02-09,26.53,26.57,26.28,26.46,26.52,-0.06,-0.2262,678291.25,1792121.462,35.839416111056295,-0.2460804556318692,-0.33464322275307967,0.17712553424242095,27.234287793808974,26.4065,25.578712206191028,74.37078700248159,62.677131342311085,97.7580983228226
600900.SH,2026-02-10,26.46,26.6,26.37,26.57,26.46,0.11,0.4157,559201.01,1483185.481,36.957533641031866,-0.2120524105315198,-0.31012506030876774,0.1961452995544959,27.069060126380077,26.366999999999997,25.664939873619918,78.11769493211006,67.82398587224407,98.70511305184203
600900.SH,2026-02-11,26.58,26.59,26.41,26.48,26.57,-0.09,-0.3387,533882.46,1412807.447,38.16866879149088,-0.19015519672888814,-0.2861310875927918,0.19195178172780736,27.023637977566477,26.3505,25.677362022433524,74.17148654388734,69.93981942945848,82.63482077274506
600900.SH,2026-02-12,26.27,26.3,26.05,26.12,26.27,-0.15,-0.571,737342.37,1925902.011,39.23115217617582,-0.19955019791795436,-0.26881490965782434,0.13852942347973995,26.95794516456571,26.315499999999997,25.673054835434282,57.58719257964586,65.8222771461876,41.11702344656237
600900.SH,2026-02-13,26.13,26.18,25.95,26.0,26.12,-0.12,-0.4594,715540.68,1863613.082,40.09793945760411,-0.21420952707841323,-0.25789383314194214,0.08736861212705782,26.93914686763792,26.289499999999997,25.639853132362074,41.879833812787155,57.84146270172078,9.956576034919905
600900.SH,2026-02-24,26.13,26.16,25.98,26.05,26.0,0.05,0.1923,730789.39,1903435.481,41.02929675599885,-0.21926501827731215,-0.25016807016901615,0.061806103783408006,26.86300779562619,26.252,25.64099220437381,31.98492985893133,49.22261842079096,-2.4904472647879317
600900.SH,2026-02-25,26.08,26.2,25.95,25.97,26.05,-0.08,-0.3071,956209.54,2492461.852,42.1132898424188,-0.22710889293995606,-0.24555623472320415,0.03689468356649617,26.75269352652813,26.2065,25.660306473471866,22.13629470270217,40.19384384809469,-13.978803588082869
600900.SH,2026-02-26,25.98,26.09,25.93,26.04,25.97,0.07,0.2695,619771.69,1611605.301,42.63109498012895,-0.22508219767062698,-0.24146142731268874,0.03275845928412352,26.70077273394844,26.1795,25.65822726605156,19.12260916688079,33.17009895435672,-8.972370408071072
600900.SH,2026-02-27,26.05,26.18,26.02,26.04,26.04,0.0,0.0,919037.82,2396913.236,42.591441582239106,-0.22092929171693143,-0.23735500019353728,0.0328514169532117,26.687027325276134,26.166000000000004,25.644972674723874,18.221042927174214,28.187080278629214,-1.7110317757357834
600900.SH,2026-03-02,26.12,26.65,26.12,26.57,26.04,0.53,2.0353,1817728.88,4815661.932,43.681176239828915,-0.17287867546583868,-0.2244597352479976,0.10316211956431781,26.739118649776515,26.194499999999998,25.64988135022348,41.77699158107918,32.7170507127792,59.89687331767914
600900.SH,2026-03-03,26.57,27.1,26.53,26.97,26.57,0.4,1.5055,2145546.53,5763725.302,45.51018230991013,-0.10135322198744845,-0.19983843259588777,0.19697042121687863,26.878993576428492,26.244,25.609006423571508,57.480957350349016,40.9716862586358,90.49949953377546
600900.SH,2026-03-04,26.8,27.19,26.52,27.09,26.97,0.12,0.4449,1757354.43,4731660.303,46.814745626541786,-0.034587089239565216,-0.16678816392462328,0.26440214937011614,27.02239755106408,26.302,25.581602448935918,69.00846892139666,50.31728047955608,106.3908458050778
600900.SH,2026-03-05,26.98,27.24,26.84,27.08,27.09,-0.01,-0.0369,1329148.71,3600687.805,47.698164823195604,0.017318992990137616,-0.1299667325416711,0.29457145106361743,27.105196658459075,26.3735,25.641803341540925,75.26773246159267,58.63409780690161,108.53500177097479
600900.SH,2026-03-06,27.06,27.15,26.98,27.14,27.08,0.06,0.2216,878369.24,2377351.285,48.74170177624218,0.06257510877705386,-0.09145836427792611,0.30806694610995994,27.21719981436727,26.429000000000002,25.640800185632735,80.96729237897532,66.07849599759284,110.74488514174027
600900.SH,2026-03-09,27.16,27.63,27.09,27.2,27.14,0.06,0.2211,2075027.99,5674816.795,49.91084687928374,0.1021053976838715,-0.05274561188556659,0.3097020191388762,27.330054559875137,26.470999999999997,25.611945440124856,78.8801557036306,70.34571589960542,95.94903531168097
600900.SH,2026-03-10,27.01,27.24,26.73,27.15,27.2,-0.05,-0.1838,1192857.15,3217091.405,50.78326630155995,0.1279242234919593,-0.016611644810061412,0.28907173660404145,27.41661598777986,26.521500000000003,25.626384012220147,76.50833909653804,72.3999236319163,84.72517002578152
600900.SH,2026-03-11,27.15,27.31,26.95,27.3,27.15,0.15,0.5525,897445.46,2439249.557,51.97260330920739,0.15866063432744681,0.018442811017440237,0.28043564662001313,27.510502164499716,26.5865,25.662497835500286,77.50659459437942,74.10214728607068,84.31548921099693
600900.SH,2026-03-12,27.32,27.5,27.16,27.5,27.3,0.2,0.7326,1078962.09,2951508.824,53.97108134203813,0.196888185445534,0.054131885903058986,0.28551259908495,27.646132874794652,26.642500000000002,25.63886712520535,82.13463922186003,76.77964459800046,92.84462846957916
600900.SH,2026-03-13,27.5,27.63,27.35,27.42,27.5,-0.08,-0.2909,942776.29,2590387.28,55.9479744801121,0.2182130396212969,0.08694811664670657,0.26252984594918066,27.745142719165933,26.6835,25.621857280834064,81.78345317493378,78.44758079031156,88.45519794417822
600900.SH,2026-03-16,27.42,27.5,27.24,27.36,27.42,-0.06,-0.2188,872037.87,2388063.54,57.66063459928284,0.22764746338155462,0.11508798599367619,0.22511895477575686,27.8256717569257,26.7255,25.6253282430743,79.74752734184776,78.88089630749029,81.48078941056269
600900.SH,2026-03-17,27.32,27.57,27.28,27.49,27.36,0.13,0.4751,850288.95,2338113.044,59.61245151041157,0.24281520321216732,0.14063342943737442,0.2043635475495858,27.920422379019335,26.776999999999997,25.63357762098066,81.31316637604661,79.69165299700906,84.55619313412171
600900.SH,2026-03-18,27.48,27.65,27.24,27.29,27.49,-0.2,-0.7275,800289.92,2191462.951,60.983660630508254,0.23597721928216586,0.1597021874063327,0.1525500637516663,27.974180887128146,26.813,25.651819112871852,74.49863265649483,77.96064621683765,67.57460553580921
600900.SH,2026-03-19,27.27,27.48,27.2,27.26,27.29,-0.03,-0.1099,1015257.81,2777309.817,62.21205434934276,0.22553746299191602,0.17286924252344937,0.10533644093693328,28.018471963703107,26.851999999999997,25.685528036296887,68.8686536550546,74.92998202957662,56.74599690601056
600900.SH,2026-03-20,27.26,27.39,27.02,27.18,27.26,-0.08,-0.2935,845555.09,2299198.422,62.5597351662577,0.20840617287286634,0.17997662859333277,0.05685908855906713,28.02690627247139,26.905,25.783093727528613,62.21678359612336,70.69224921842553,45.265852351519015
600900.SH,2026-03-23,27.07,27.26,26.66,26.74,27.18,-0.44,-1.6188,1757271.3,4727621.378,61.475977123416634,0.15750950770411976,0.1754832044154902,-0.03594739342274089,27.98421626203116,26.941999999999997,25.899783737968832,44.17145842435155,61.85198562040087,8.810404032252904
600900.SH,2026-03-24,26.9,27.13,26.72,27.1,26.74,0.36,1.3463,910767.18,2455035.706,60.75563390224953,0.14455617165790358,0.1692977978639729,-0.049483252412138634,27.949673723521204,26.9945,26.039326276478793,44.26245376438258,55.988808335061435,20.80974462302487
600900.SH,2026-03-25,27.15,27.27,26.92,27.21,27.1,0.11,0.4059,860545.05,2335396.506,60.24521973383585,0.14153511154582077,0.16374526060034247,-0.04442029810904341,27.884135185332337,27.0565,26.228864814667663,48.02682102810695,53.33481256607661,37.41083795216764
600900.SH,2026-03-26,27.19,27.45,27.1,27.31,27.21,0.1,0.3675,845013.7,2305295.042,59.82218714116473,0.1455324563406748,0.16010269974840896,-0.029140486815468325,27.80117545463711,27.119999999999997,26.438824545362884,53.9034025709265,53.52434256769324,54.661522577393015
600900.SH,2026-03-27,27.28,27.4,27.18,27.25,27.31,-0.06,-0.2197,685517.22,1869448.582,59.22424983644416,0.14221946486837211,0.15652605277240159,-0.028613175808058944,27.635019989717385,27.180499999999995,26.725980010282605,55.80092157927089,54.28320223821912,58.83636026137444
600900.SH,2026-03-30,27.25,27.25,27.01,27.14,27.25,-0.11,-0.4037,692780.6,1880990.759,58.547467212577956,0.129228152861657,0.15106647279025268,-0.043676639857191335,27.562621861672458,27.209000000000003,26.85537813832755,53.36223054779679,53.976211674745,52.13426829390036
600900.SH,2026-03-31,27.14,27.33,27.04,27.04,27.14,-0.1,-0.3685,802588.84,2181329.248,57.50816156827629,0.10959988102890961,0.14277315443798408,-0.06634654681814894,27.55744087975532,27.2125,26.867559120244678,51.02197483674253,52.99146606207751,47.08299238607259
600900.SH,2026-04-01,27.12,27.12,26.84,26.88,27.04,-0.16,-0.5917,906081.71,2440214.452,55.93608883660519,0.08020907111973585,0.13026033777433443,-0.10010253330919716,27.57433827291019,27.201999999999998,26.829661727089807,43.29735031310257,49.76009414575252,30.371862647802658
600900.SH,2026-04-02,26.9,27.02,26.76,27.01,26.88,0.13,0.4836,739848.93,1988851.813,54.818542793367605,0.06663839018098372,0.1175359482556643,-0.10179511614936115,27.57693305741892,27.198500000000003,26.820066942581086,43.63283269818659,47.71767366323054,35.4631507680987
600900.SH,2026-04-03,27.0,27.0,26.66,26.7,27.01,-0.31,-1.1477,656276.8,1757122.436,53.324159270675395,0.030517333716936434,0.10013222534791873,-0.13922978326196458,27.615555205736452,27.176500000000004,26.737444794263556,30.776318845204525,42.0705553905552,8.187845754503172
600900.SH,2026-04-07,26.71,26.75,26.4,26.48,26.7,-0.22,-0.824,726271.79,1926064.162,51.364752579163856,-0.015680272728879174,0.07696972573255914,-0.18529999692287663,27.67838963845566,27.140499999999996,26.602610361544333,23.05722843648561,35.73277973919867,-2.293874168940519
600900.SH,2026-04-08,26.52,26.58,26.39,26.58,26.48,0.1,0.3776,806199.77,2138241.99,50.07799431830679,-0.043719078089797136,0.05283196496808789,-0.19310208611577007,27.705317169107698,27.112000000000002,26.518682830892306,21.346328391619274,30.9372959566722,2.1643932615134247
600900.SH,2026-04-09,26.58,26.58,26.31,26.39,26.58,-0.19,-0.7148,691284.54,1824031.017,48.63898965663665,-0.08034527513222756,0.0261965169480248,-0.2130835841605047,27.734041443617883,27.066499999999998,26.398958556382112,16.67736877484104,26.18398689606181,-2.335867467600508
600900.SH,2026-04-10,26.47,26.5,26.32,26.4,26.39,0.01,0.0379,665589.04,1756489.575,47.47100855631301,-0.10732767708704571,-0.0005083218589893024,-0.21363871045611282,27.70923392606282,27.011499999999995,26.31376607393717,14.059422320482257,22.142465370868624,-2.106663780290475
600900.SH,2026-04-13,26.39,26.43,26.24,26.42,26.4,0.02,0.0758,626263.92,1648289.578,47.1092791028148,-0.12564918657202284,-0.02553649480159601,-0.20022538354085367,27.67901838414012,26.9615,26.24398161585988,14.87753536961824,19.720822037118495,5.190962034617726
600900.SH,2026-04-14,26.42,26.5,26.32,26.42,26.42,0.0,0.0,701165.97,1848972.432,46.12675079049868,-0.1385717460081466,-0.04814354504290613,-0.18085640193048091,27.64513706880769,26.914499999999997,26.183862931192305,16.736538731260747,18.72606093516591,12.757494323450416
600900.SH,2026-04-15,26.41,26.67,26.36,26.55,26.42,0.13,0.4921,970565.86,2576891.492,45.21872515422083,-0.13674672281982936,-0.06586418059829077,-0.14176508444307717,27.562319173750005,26.8675,26.172680826249994,24.40555573537049,20.619225868567437,31.978215468976607
600900.SH,2026-04-16,26.56,26.7,26.52,26.55,26.55,0.0,0.0,719585.95,1912488.03,44.15460726924581,-0.13375849413587915,-0.07944304330580845,-0.10863090166014139,27.509213178704737,26.8305,26.151786821295264,29.86686171831724,23.70177115181737,42.19704285131698
600900.SH,2026-04-17,26.55,26.58,26.38,26.38,26.55,-0.17,-0.6403,836066.71,2214978.373,42.96186860267727,-0.14345422956428777,-0.09224528055750432,-0.1024178980135669,27.46206681854271,26.7865,26.11093318145729,29.061567942930452,25.488370082188396,36.207963664414564
600900.SH,2026-04-20,26.41,26.84,26.41,26.84,26.38,0.46,1.7437,950417.99,2538195.456,42.929293195294065,-0.11272064074535493,-0.09634035259507445,-0.03276057630056095,27.420021248489988,26.7695,26.118978751510014,52.70771196195363,34.56148404211014,89.0001678016406
600900.SH,2026-04-21,26.86,27.15,26.85,27.13,26.84,0.29,1.0805,904432.49,2446267.987,43.62998987123224,-0.0642231493260148,-0.08991691194126253,0.051387525230495446,27.458890800213474,26.788999999999998,26.11910919978652,67.73920724203504,45.62072510875177,111.97617150860157
600900.SH,2026-04-22,27.13,27.13,26.82,26.86,27.13,-0.27,-0.9952,741609.24,1997674.385,44.10424467242665,-0.04703311303649471,-0.08134015216030896,0.0686140782476285,27.431863585634137,26.776999999999997,26.12213641436586,67.87009420531277,53.0371814742721,97.5359196673941
600900.SH,2026-04-23,26.86,27.01,26.66,26.95,26.86,0.09,0.3351,845908.0,2270225.989,44.460404326949586,-0.02584965881494128,-0.07024205349123543,0.0887847893525883,27.392461781277465,26.764,26.135538218722534,71.25405547753454,59.10947280869291,95.5432208152178
600900.SH,2026-04-24,26.91,26.95,26.75,26.81,26.95,-0.14,-0.5195,564464.4,1514495.496,45.04913892199562,-0.020126443583638576,-0.06021893150971606,0.08018497585215496,27.31347092363791,26.738999999999997,26.164529076362083,67.18141851112742,61.80012137617107,77.94401278104012
600900.SH,2026-04-27,26.8,26.85,26.62,26.66,26.81,-0.15,-0.5595,562598.68,1504214.891,45.705341663608216,-0.02737889383166703,-0.05365092397410626,0.05254406028487846,27.23170080832058,26.7095,26.18729919167942,57.44584018885291,60.348694313731684,51.64013193909537
600900.SH,2026-04-28,26.68,26.78,26.61,26.73,26.66,0.07,0.2626,700607.77,1869479.612,46.261015150815275,-0.027164957201701867,-0.04835373061962538,0.04237754683584703,27.17065941231728,26.689,26.20734058768272,53.44874194408383,58.04871019051573,44.248805451220036
600900.SH,2026-04-29,26.71,26.8,26.6,26.77,26.73,0.04,0.1496,855961.19,2284682.165,47.164174487712266,-0.023496887680195755,-0.043382362031739466,0.03977094870308742,27.13011261704785,26.6755,26.22088738295215,52.51561151250613,56.204343964512525,45.13814660849336
600900.SH,2026-04-30,27.09,27.42,26.94,27.32,26.77,0.55,2.0545,1914637.37,5218424.711,48.98387345201125,0.023519370636428505,-0.030002015498105876,0.10704277226906876,27.229739558252266,26.6975,26.165260441747737,65.04341097533407,59.15069963478636,76.82883365642948
600900.SH,2026-05-06,27.34,27.34,27.04,27.2,27.32,-0.12,-0.4392,1237749.54,3359761.259,50.39624581093761,0.050514793868693175,-0.013898653624746066,0.1288268949868785,27.268692929783317,26.707,26.145307070216685,67.75251788599496,62.017972385189225,79.22160888760644
600900.SH,2026-05-07,27.18,27.2,26.9,27.05,27.2,-0.15,-0.5515,973283.07,2633218.235,51.41396666007708,0.0591235751034489,0.0007057921208929278,0.11683556596511194,27.306709041857985,26.7245,26.142290958142013,63.461028184159204,62.49899098484588,65.38510258278585
600900.SH,2026-05-08,27.06,27.16,26.98,27.0,27.05,-0.05,-0.1848,804423.1,2173718.079,52.036724655588095,0.06120596980186477,0.012805827657087297,0.09680028428955495,27.333178931181006,26.7505,26.16782106881899,58.56751472439875,61.18849889803017,53.32554637713592
600900.SH,2026-05-11,27.05,27.2,26.95,27.01,27.0,0.01,0.037,1030952.75,2787957.982,52.61545590330051,0.06293769248806313,0.022832200623282464,0.08021098372956134,27.359899024627556,26.772000000000002,26.18410097537245,55.711676482932496,59.36289142633094,48.40924659613562
600900.SH,2026-05-12,27.01,27.17,26.91,27.04,27.01,0.03,0.1111,1011762.33,2738732.723,53.47697816010004,0.06597037900872138,0.03145983630037025,0.06902108541670227,27.37509433465201,26.8045,26.23390566534799,55.02729651707685,57.91769312324624,49.24650330473807
600900.SH,2026-05-13,27.08,27.29,26.97,27.0,27.04,-0.04,-0.1479,1396919.41,3785965.443,53.510999964166174,0.06440373307466629,0.03804861565522946,0.05271023483887366,27.37799647749802,26.8345,26.291003522501978,52.945026946343845,56.26013773094544,46.31480537714067
600900.SH,2026-05-14,26.98,27.08,26.85,26.94,27.0,-0.06,-0.2222,1102942.32,2971318.672,52.99271459032075,0.057656033461665146,0.0419700992165166,0.03137186849029709,27.369140085760282,26.860500000000002,26.35185991423972,49.117822842278,53.87936610138962,39.594736324054765
600900.SH,2026-05-15,26.9,27.15,26.72,27.03,26.94,0.09,0.3341,1187554.88,3202012.497,53.118505839796896,0.05889181258581999,0.04535444189037728,0.02707474139088542,27.360037087524862,26.891000000000002,26.42196291247514,47.50711999009014,51.755284064289796,39.01079184169083
600900.SH,2026-05-18,27.04,27.18,26.81,26.89,27.03,-0.14,-0.5179,915897.69,2465321.894,52.84118499262155,0.04802079266787018,0.04588771204587587,0.004266161243988625,27.3487935427936,26.907999999999998,26.467206457206395,40.811198272963395,48.10725546718099,26.219083884528203
600900.SH,2026-05-19,26.89,27.35,26.77,27.25,26.89,0.36,1.3388,1725645.85,4692289.634,53.416986182075895,0.06767431503793375,0.05024503264428745,0.0348585647872926,27.375184171268277,26.943,26.510815828731726,55.24979355763691,50.48810149733296,64.77317767824482
600900.SH,2026-05-20,27.25,27.28,26.87,26.9,27.25,-0.35,-1.2844,1284344.36,3473080.686,53.58795965331003,0.05438092868925892,0.05107221185328175,0.006617433671954345,27.31192242486281,26.969,26.62607757513719,46.35700522890074,49.11106940785555,40.84887687099112
600900.SH,2026-05-21,26.86,26.97,26.63,26.66,26.9,-0.24,-0.8922,1166100.37,3127663.67,53.193729006275134,0.02420085757632151,0.0456979409978897,-0.04299416684313638,27.325858759057443,26.959999999999997,26.59414124094255,32.29355904148943,43.505232619066845,9.870211886334602
600900.SH,2026-05-22,26.73,26.76,26.5,26.56,26.66,-0.1,-0.3751,915888.15,2436330.692,52.5874068340938,-0.007697498510186307,0.0350188530962745,-0.08543270321292161,27.32903318299113,26.9315,26.53396681700887,23.881980537463487,36.96414859186572,-2.282355571340986
600900.SH,2026-05-25,26.6,26.83,26.55,26.67,26.56,0.11,0.4142,841543.93,2245695.731,51.3074520826601,-0.023826438480980983,0.023249794780823403,-0.09415246652360877,27.33548836933953,26.922000000000004,26.50851163066048,22.587987024975714,32.17209473623572,3.419771602455697
600900.SH,2026-05-26,26.66,27.15,26.59,27.14,26.67,0.47,1.7623,1626529.81,4397744.505,51.10655287361475,0.0013013314960979017,0.018860102123878304,-0.035117541255560804,27.356273623921094,26.9315,26.506726376078905,40.15669723233673,34.83362890160272,50.802833893804745
600900.SH,2026-05-27,27.06,27.33,27.01,27.24,27.14,0.1,0.3685,1112715.4,3026248.64,51.34949499847622,0.028950708754539534,0.02087822345001055,0.016144970609057965,27.39505739089197,26.953000000000003,26.510942609108035,55.79073933136163,41.819332378189024,83.73355323770683
600900.SH,2026-05-28,27.25,27.37,27.11,27.22,27.24,-0.02,-0.0734,1146573.18,3124821.006,51.62692400369516,0.04868796206238102,0.026440171172484643,0.04449558177979275,27.415796988320682,26.981,26.54620301167932,64.7800331174594,49.47289929127915,95.39430076981989
600900.SH,2026-05-29,27.2,27.76,27.08,27.75,27.22,0.53,1.9471,2134370.57,5888377.325,52.72139459175949,0.10587597577009689,0.04232733209200709,0.1270972873561796,27.569894530847712,27.032,26.494105469152288,76.25547181375595,58.40042346543808,111.96556851039168
600900.SH,2026-06-01,27.74,27.87,27.55,27.77,27.75,0.02,0.0721,1392780.66,3861503.134,53.68733003015933,0.15107027738417145,0.06407592115043997,0.17398871246746295,27.697641727664873,27.082000000000004,26.466358272335135,81.73722451817304,66.17935714968306,112.852959255153
600900.SH,2026-06-02,27.82,28.15,27.62,27.96,27.77,0.19,0.6842,1257574.46,3513868.172,54.90553000339627,0.19991401480393023,0.09124353988113804,0.21734094984558439,27.838616777120347,27.113999999999997,26.389383222879648,83.98643250706489,72.11504893547699,107.7291996502407
600900.SH,2026-06-03,27.85,27.98,27.51,27.89,27.96,-0.07,-0.2504,1143005.88,3168757.471,55.97679003636469,0.23031963227178665,0.11905875835926777,0.22252174782503775,27.951789945687214,27.148499999999995,26.345210054312776,84.07176308551804,76.100620318824,100.01404861890612
600900.SH,2026-06-04,27.83,27.96,27.61,27.72,27.89,-0.17,-0.6095,874972.29,2430916.403,56.515844457984414,0.23795571852413389,0.14283815039224101,0.19023513626378574,28.022991895573977,27.182,26.34100810442602,80.42284205701202,77.54136089822,86.18580437459605
600900.SH,2026-06-05,27.72,28.1,27.51,27.61,27.72,-0.11,-0.3968,1094135.63,3042122.314,57.05051389820728,0.23245173232839988,0.1607608667794728,0.14338173109785418,28.06978764441301,27.2125,26.355212355586985,75.41009983287981,76.8309405431066,72.56841841242621
600900.SH,2026-06-08,27.5,27.61,27.26,27.51,27.61,-0.1,-0.3622,1180654.67,3238081.015,56.893059192928696,0.21751326186361553,0.17211134579630136,0.09080383213462834,28.099074446183174,27.2375,26.375925553816828,64.89328292952226,72.85172133857849,48.9764061114098
600900.SH,2026-06-09,27.51,27.7,27.39,27.63,27.51,0.12,0.4362,882535.97,2433424.842,57.50900891979794,0.2129031979739544,0.18026971623183197,0.06526696348424488,28.14042278904383,27.267000000000003,26.393577210956177,60.396145005974354,68.69986256104377,43.788709895835524
600900.SH,2026-06-10,27.6,27.82,27.43,27.69,27.63,0.06,0.2172,887500.11,2457850.309,58.58316050894177,0.21165140207209632,0.18654605339988486,0.050210697344422905,28.184968642400683,27.301500000000004,26.418031357599325,59.26721193544716,65.5556456858449,46.69034443465168
600900.SH,2026-06-11,27.69,27.95,27.6,27.89,27.69,0.2,0.7223,991250.1,2759358.768,60.02078782974811,0.22421308446156019,0.19407945961221992,0.060267249698680525,28.252557879775996,27.349,26.445442120224005,63.10698024160901,64.73942387109959,59.84209298262786
600900.SH,2026-06-12,27.77,28.29,27.67,28.28,27.89,0.39,1.3984,1494245.23,4191923.9,61.68999387093383,0.2626108346588687,0.2077857346215497,0.109650200074638,28.39181734926154,27.4115,26.43118265073846,75.08102889893681,68.18662554704532,88.86983560271977
600900.SH,2026-06-15,28.24,28.24,27.39,27.57,28.28,-0.71,-2.5106,2076611.58,5743667.948,61.3567754830347,0.23306364937574742,0.21284131757238928,0.04044466360671628,28.396388227423518,27.445500000000003,26.494611772576487,60.08638172550478,65.48654427319846,49.2860566301174
600900.SH,2026-06-16,27.41,27.45,27.14,27.19,27.57,-0.38,-1.3783,1205992.99,3287063.796,60.25922048965043,0.17694475891887507,0.20566200584168645,-0.05743449384562277,28.396359197377194,27.442500000000003,26.48864080262281,41.506863179322046,57.49331724190632,9.533955054153509
600900.SH,2026-06-17,27.22,27.27,26.91,27.0,27.19,-0.19,-0.6988,1034441.5,2794894.312,58.98987115713163,0.11580380760458553,0.1876903661942663,-0.14377311717936153,28.39037075633827,27.4475,26.504629243661732,29.845155163026288,48.277263215612976,-7.019060942147092
600900.SH,2026-06-18,26.93,26.98,26.65,26.66,27.0,-0.34,-1.2593,1295944.98,3466900.701,56.67661803151792,0.039459144237500965,0.15804412180291325,-0.23716995513082456,28.390370756338267,27.447499999999998,26.50462924366173,20.100022141204548,38.8848495241435,-17.469632624673352
600900.SH,2026-06-22,26.66,27.09,26.51,26.94,26.66,0.28,1.0503,1497328.67,4009564.149,54.9194048718056,0.0015314547705536086,0.1267415883964413,-0.2504202672517754,28.347343495269108,27.466500000000003,26.5856565047309,21.452449217731875,33.07404942200629,-1.7907511908169482
600900.SH,2026-06-23,26.93,27.25,26.86,26.87,26.94,-0.07,-0.2598,1185654.7,3206812.85,53.0118959260638,-0.0337854695100539,0.09463617681514228,-0.25684329265039235,28.32314725768608,27.476499999999998,26.629852742313915,21.043205845529116,29.06376822984723,5.002081076892885
600900.SH,2026-06-24,26.87,27.0,26.56,26.6,26.87,-0.27,-1.0048,1134560.72,3026880.697,51.022790372560216,-0.08260886637366482,0.05918716817738086,-0.28359206910209134,28.372344002327363,27.4495,26.526655997672638,15.714197155446376,24.613911205046946,-2.085230943754766
600900.SH,2026-06-25,26.5,26.58,26.2,26.22,26.6,-0.38,-1.4286,1321875.74,3482768.792,48.977874995876064,-0.15023279421411218,0.017303175699082254,-0.33507193982638883,28.470738681205678,27.398499999999995,26.326261318794312,10.79511070331193,20.007644371135274,-7.6299566323347605
600900.SH,2026-06-26,26.25,26.72,26.15,26.65,26.22,0.43,1.64,1282651.88,3395741.671,47.868294711489554,-0.16720045512370518,-0.019597550465475237,-0.2952058093164599,28.491390114756555,27.370000000000005,26.248609885243454,15.171222127566805,18.39550362327912,8.722659136142177
600900.SH,2026-06-29,26.55,26.9,26.26,26.84,26.65,0.19,0.7129,1232579.06,3286300.313,47.25712684970895,-0.16343209309989604,-0.0483644589923594,-0.23013526821507327,28.454781287765893,27.3245,26.194218712234107,27.80645577735225,21.532487674636826,40.3543919827831
600900.SH,2026-06-30,26.71,26.84,26.38,26.47,26.84,-0.37,-1.3785,1022776.53,2712032.641,46.15883472617465,-0.18813286823110076,-0.07631814084010768,-0.22362945478198615,28.430688779785218,27.259499999999996,26.088311220214774,28.06144670871102,23.70880735266156,36.76672542080995
600900.SH,2026-07-01,26.44,26.72,26.36,26.64,26.47,0.17,0.6422,909397.56,2417436.712,45.338352271189436,-0.1917801095079028,-0.09941053457366672,-0.18473914986847217,28.347117194557633,27.1935,26.039882805442367,33.556115987625574,26.99124356431623,46.68586083424427
600900.SH,2026-07-02,26.79,27.09,26.55,26.95,26.64,0.31,1.1637,1400553.04,3761292.696,44.75669557052673,-0.16772276168194367,-0.11307297999532212,-0.10929956337324309,28.256403267477843,27.146500000000003,26.036596732522163,46.61316823417461,33.531885120935684,72.77573446065244
